FL,GA,ME,MD,MA,NY,NJ,NC,PA,SC,VA
Smith,Williams,Smith,Smith ,Sullivan,Williams,Patel,Smith,Brown,Smith,Johnson
Williams,Brown,Brown,Johnson,Johnson,Johnson,Williams,Williams,Williams,Williams,Jones
Johnson,Smith,Johnson,Brown,Brown,Rodriguez,Brown,Johnson,Johnson,Brown,Williams
Rodriguez,Davis,Davis,Jones,Murphy,Jones,Johnson,Jones,Jones,Johnson,Brown
Brown,Jones,Clark,Williams,Williams,Miller,Rodriguez,Brown,Davis,Davis,Davis
Jones,Johnson,Martin,Davis,Anderson,Lee,Lee,Davis,Wilson,Jones,Miller
Gonzalez,Wilson,White,Miller,White,Rivera,Jones,Moore,Synder,Wilson,Taylor
Davis,Jackson,Williams,Thomas,Martin,Davis,Miller,Miller,Anderson,Jackson,Smith
Miller,White,Pelletier,Jackson,Davis,Gonzalez,Davis,Taylor,Taylor,Miller,Harris
Perez,Walker,Allen,Taylor,McCarthy,Martinez,Rivera,Wilson,Clark,Taylor,Wilson
